Workbook

Sheet Inputs
A1: Sharm group budget — inputs (blue cells are editable; USD)
A2: item | B2: value | C2: unit | D2: flag / source
A3: Pricing basis
A4: Pricing headcount: people including George at which the fee is set | B4: 20 | C4: people | D4: policy (same as Marsa Shagra cut)
A5: Minimum headcount the contingency must cover | B5: 12 | C5: people | D5: policy
A6: Share of participants who are Open Water students | B6: 0.5 | C6: share | D6: brief
A7: Contingency inside the fee | B7: 0.06 | C7: share | D7: policy (Marsa Shagra basis)
A8: Red Sea Diving College, Naama Bay (QUOTED 3 Oct 2026, Alain Sobol, per person)
A9: Tao Beach Hotel, Naama Bay, two sharing, breakfast, per person per night | B9: 70 | C9: USD/night | D9: QUOTED (cheaper hotels offered on request)
A10: Nights, Sun 3 - Fri 8 Jan | B10: 5 | C10: nights | D10: programme
A11: PADI Open Water: course incl. the PADI eLearning code, full gear, certification | B11: 445 | C11: USD | D11: QUOTED (eLearning code included, confirmed 3 Oct)
A12: Certified boat diving, 3 days / 6 dives (Mon-Wed) incl. boat fees, lunch, drinks, environmental fee | B12: 325 | C12: USD | D12: QUOTED (Ras Mohammed and the Straits of Tiran, confirmed 3 Oct)
A13: Thursday morning boat, 2 dives, whole group, all included | B13: 100 | C13: USD | D13: QUOTED
A14: Thistlegorm supplement (AOW + 20 logged dives), taken on the third boat day | B14: 160 | C14: USD | D14: QUOTED 3 Oct; add-on, not in the fee
A15: Half-board supplement per person per night (dinner) | B15: 15 | C15: USD/night | D15: QUOTED 3 Oct 13:23; add-on so the beginner fee stays above certified
A16: Advanced Open Water, 2 days, all included | B16: 395 | C16: USD | D16: QUOTED; add-on
A17: Full equipment rental incl. computer, per day | B17: 35 | C17: USD/day | D17: QUOTED
A18: Rental days, certified (Mon-Thu) | B18: 4 | C18: days | D18: programme
A19: Rental days, new divers (Thursday only; course includes gear) | B19: 1 | C19: days | D19: programme
A20: Free places: 1 per this many paying participants | B20: 10 | C20: paying | D20: QUOTED (an extra one 'to discuss' at size)
A21: Leader costs carried by the group (George's hotel and diving come from the first free place)
A22: George's flight allowance | B22: 1000 | C22: USD | D22: policy; PHL-SSH advertised from about 908 return (sources.csv)
A23: Odd-headcount room risk (half a place) | B23: =Inputs!$B$9*Inputs!$B$10*0.5 -> 175 | C23: USD | D23: ASSUMED
A24: George's gear rental, 4 days | B24: =Inputs!$B$17*4 -> 140 | C24: USD | D24: formula
A25: Own spending guidance, not in the fee (no flights)
A26: Airport transfers both ways, SSH to Naama Bay | B26: 15 | C26: USD | D26: QUOTED 3 Oct (approx., arranged by RSDC)
A27: Dive-accident cover, required | B27: 84 | C27: USD | D27: ADVERTISED (DAN)
A28: Egypt visa on arrival | B28: 30 | C28: USD | D28: DOCUMENTED (secondary)
A29: Dinners, and lunches on non-boat days, per day | B29: 30 | C29: USD/day | D29: INFERRED (Naama Bay restaurants)
A30: Drinks and nights out per day | B30: 25 | C30: USD/day | D30: INFERRED
A31: Days in Sharm | B31: 5 | C31: days
A32: Tips for crews and guides | B32: 50 | C32: USD | D32: INFERRED

Sheet Fee
A1: Trip fee per person at the pricing headcount (USD; two sharing, breakfast)
B2: Open Water student | C2: Certified diver
A3: Diving (Open Water + Thursday boat, or 3 boat days + Thursday boat) | B3: =Inputs!$B$11+Inputs!$B$13 -> 545 | C3: =Inputs!$B$12+Inputs!$B$13 -> 425
A4: Gear rental incl. computer | B4: =Inputs!$B$17*Inputs!$B$19 -> 35 | C4: =Inputs!$B$17*Inputs!$B$18 -> 140
A5: Tao Beach Hotel, 5 nights, breakfast, two sharing | B5: =Inputs!$B$9*Inputs!$B$10 -> 350 | C5: =Inputs!$B$9*Inputs!$B$10 -> 350
A6: Leader's costs shared (flight allowance, gear, odd-room risk) | B6: =(Inputs!$B$22+Inputs!$B$23+Inputs!$B$24)/(Inputs!$B$4-1) -> 69.210526 | C6: =(Inputs!$B$22+Inputs!$B$23+Inputs!$B$24)/(Inputs!$B$4-1) -> 69.210526
A7: Subtotal | B7: =SUM(B3:B6) -> 999.21053 | C7: =SUM(C3:C6) -> 984.21053
A8: Contingency | B8: =ROUND(B7*Inputs!$B$7,0) -> 60 | C8: =ROUND(C7*Inputs!$B$7,0) -> 59
A9: Fee before rounding | B9: =B7+B8 -> 1059.2105 | C9: =C7+C8 -> 1043.2105
A10: TRIP FEE, USD (rounded up to the nearest 50) | B10: =CEILING(B9,50) -> 1100 | C10: =CEILING(C9,50) -> 1050
A12: Optional add-ons at cost
A13: Advanced Open Water | B13: n/a | C13: =Inputs!$B$16 -> 395
A14: Thistlegorm supplement (AOW + 20 dives) | B14: n/a | C14: =Inputs!$B$14 -> 160
A15: Half board, 5 dinners | B15: =Inputs!$B$15*Inputs!$B$10 -> 75 | C15: =Inputs!$B$15*Inputs!$B$10 -> 75
A17: GUIDANCE BUDGET WITHOUT FLIGHTS
A18: Trip fee | B18: =B10 -> 1100 | C18: =C10 -> 1050
A19: Own spending: transfers, dive cover, visa, meals, drinks, tips | B19: =Inputs!$B$26+Inputs!$B$27+Inputs!$B$28+(Inputs!$B$29+Inputs!$B$30)*Inputs!$B$31+Inputs!$B$32 -> 454 | C19: =Inputs!$B$26+Inputs!$B$27+Inputs!$B$28+(Inputs!$B$29+Inputs!$B$30)*Inputs!$B$31+Inputs!$B$32 -> 454
A20: Guidance budget | B20: =B18+B19 -> 1554 | C20: =C18+C19 -> 1504
A21: Guidance budget, certified taking AOW and the Thistlegorm | B21: n/a | C21: =C20+C13+C14 -> 2059

Sheet Group
A1: Group budget at four sizes, USD (half students; George leads and does not pay)
B2: 12 people (minimum) | C2: 20 people (pricing basis) | D2: 25 people | E2: 30 people
A3: People including George | B3: 12 | C3: 20 | D3: 25 | E3: 30
A4: Paying participants | B4: =B3-1 -> 11 | C4: =C3-1 -> 19 | D4: =D3-1 -> 24 | E4: =E3-1 -> 29
A5: Open Water students | B5: =ROUND(B4*Inputs!$B$6,0) -> 6 | C5: =ROUND(C4*Inputs!$B$6,0) -> 10 | D5: =ROUND(D4*Inputs!$B$6,0) -> 12 | E5: =ROUND(E4*Inputs!$B$6,0) -> 15
A6: Paying certified divers | B6: =B4-B5 -> 5 | C6: =C4-C5 -> 9 | D6: =D4-D5 -> 12 | E6: =E4-E5 -> 14
A7: Free places earned (1 per 10 paying) | B7: =INT(B4/Inputs!$B$20) -> 1 | C7: =INT(C4/Inputs!$B$20) -> 1 | D7: =INT(D4/Inputs!$B$20) -> 2 | E7: =INT(E4/Inputs!$B$20) -> 2
A8: Trip fees collected | B8: =B5*Fee!$B$10+B6*Fee!$C$10 -> 11850 | C8: =C5*Fee!$B$10+C6*Fee!$C$10 -> 20450 | D8: =D5*Fee!$B$10+D6*Fee!$C$10 -> 25800 | E8: =E5*Fee!$B$10+E6*Fee!$C$10 -> 31200
A9: Hotel, paying guests | B9: =B4*Inputs!$B$9*Inputs!$B$10 -> 3850 | C9: =C4*Inputs!$B$9*Inputs!$B$10 -> 6650 | D9: =D4*Inputs!$B$9*Inputs!$B$10 -> 8400 | E9: =E4*Inputs!$B$9*Inputs!$B$10 -> 10150
A10: Open Water courses and Thursday boat | B10: =B5*(Inputs!$B$11+Inputs!$B$13) -> 3270 | C10: =C5*(Inputs!$B$11+Inputs!$B$13) -> 5450 | D10: =D5*(Inputs!$B$11+Inputs!$B$13) -> 6540 | E10: =E5*(Inputs!$B$11+Inputs!$B$13) -> 8175
A11: Boat diving, paying certified | B11: =B6*(Inputs!$B$12+Inputs!$B$13) -> 2125 | C11: =C6*(Inputs!$B$12+Inputs!$B$13) -> 3825 | D11: =D6*(Inputs!$B$12+Inputs!$B$13) -> 5100 | E11: =E6*(Inputs!$B$12+Inputs!$B$13) -> 5950
A12: George's hotel and diving (free if a free place is earned) | B12: =IF(B7>=1,0,Inputs!$B$9*Inputs!$B$10+Inputs!$B$12+Inputs!$B$13) -> 0 | C12: =IF(C7>=1,0,Inputs!$B$9*Inputs!$B$10+Inputs!$B$12+Inputs!$B$13) -> 0 | D12: =IF(D7>=1,0,Inputs!$B$9*Inputs!$B$10+Inputs!$B$12+Inputs!$B$13) -> 0 | E12: =IF(E7>=1,0,Inputs!$B$9*Inputs!$B$10+Inputs!$B$12+Inputs!$B$13) -> 0
A13: Spare free places credited (hotel + boat package) | B13: =-MAX(B7-1,0)*(Inputs!$B$9*Inputs!$B$10+Inputs!$B$12+Inputs!$B$13) -> 0 | C13: =-MAX(C7-1,0)*(Inputs!$B$9*Inputs!$B$10+Inputs!$B$12+Inputs!$B$13) -> 0 | D13: =-MAX(D7-1,0)*(Inputs!$B$9*Inputs!$B$10+Inputs!$B$12+Inputs!$B$13) -> -775 | E13: =-MAX(E7-1,0)*(Inputs!$B$9*Inputs!$B$10+Inputs!$B$12+Inputs!$B$13) -> -775
A14: Gear rental (certified incl. George 4 days; students 1 day) | B14: =(B6+1)*Inputs!$B$17*Inputs!$B$18+B5*Inputs!$B$17*Inputs!$B$19 -> 1050 | C14: =(C6+1)*Inputs!$B$17*Inputs!$B$18+C5*Inputs!$B$17*Inputs!$B$19 -> 1750 | D14: =(D6+1)*Inputs!$B$17*Inputs!$B$18+D5*Inputs!$B$17*Inputs!$B$19 -> 2240 | E14: =(E6+1)*Inputs!$B$17*Inputs!$B$18+E5*Inputs!$B$17*Inputs!$B$19 -> 2625
A15: Odd-headcount room risk | B15: =IF(MOD(B3,2)=1,Inputs!$B$23,0) -> 0 | C15: =IF(MOD(C3,2)=1,Inputs!$B$23,0) -> 0 | D15: =IF(MOD(D3,2)=1,Inputs!$B$23,0) -> 175 | E15: =IF(MOD(E3,2)=1,Inputs!$B$23,0) -> 0
A16: George's flight allowance | B16: =Inputs!$B$22 -> 1000 | C16: =Inputs!$B$22 -> 1000 | D16: =Inputs!$B$22 -> 1000 | E16: =Inputs!$B$22 -> 1000
A17: TOTAL COSTS | B17: =B9+B10+B11+B12+B13+B14+B15+B16 -> 11295 | C17: =C9+C10+C11+C12+C13+C14+C15+C16 -> 18675 | D17: =D9+D10+D11+D12+D13+D14+D15+D16 -> 22680 | E17: =E9+E10+E11+E12+E13+E14+E15+E16 -> 27125
A18: Surplus (refunded pro rata or held) | B18: =B8-B17 -> 555 | C18: =C8-C17 -> 1775 | D18: =D8-D17 -> 3120 | E18: =E8-E17 -> 4075
A19: Covered? | B19: =IF(B18>=0,"yes","NO") -> yes | C19: =IF(C18>=0,"yes","NO") -> yes | D19: =IF(D18>=0,"yes","NO") -> yes | E19: =IF(E18>=0,"yes","NO") -> yes
A20: Deposit and cancellation terms: RSDC will set them once the group size is known (QUOTED 3 Oct). Space held to the end of October (QUOTED 3 Oct). RSDC is inside the Tao hotel on the Naama Bay promenade.
